[
  {"name": "Bangladesh", "dial_code": "+880", "code": "BD", "flag": "🇧🇩"},
  {"name": "India", "dial_code": "+91", "code": "IN", "flag": "🇮🇳"},
  {"name": "Pakistan", "dial_code": "+92", "code": "PK", "flag": "🇵🇰"},
  {"name": "United States", "dial_code": "+1", "code": "US", "flag": "🇺🇸"},
  {"name": "Canada", "dial_code": "+1", "code": "CA", "flag": "🇨🇦"},
  {"name": "United Kingdom", "dial_code": "+44", "code": "GB", "flag": "🇬🇧"},
  {"name": "Australia", "dial_code": "+61", "code": "AU", "flag": "🇦🇺"},
  {"name": "New Zealand", "dial_code": "+64", "code": "NZ", "flag": "🇳🇿"},
  {"name": "Singapore", "dial_code": "+65", "code": "SG", "flag": "🇸🇬"},
  {"name": "Malaysia", "dial_code": "+60", "code": "MY", "flag": "🇲🇾"},
  {"name": "Indonesia", "dial_code": "+62", "code": "ID", "flag": "🇮🇩"},
  {"name": "Philippines", "dial_code": "+63", "code": "PH", "flag": "🇵🇭"},
  {"name": "Thailand", "dial_code": "+66", "code": "TH", "flag": "🇹🇭"},
  {"name": "Vietnam", "dial_code": "+84", "code": "VN", "flag": "🇻🇳"},
  {"name": "China", "dial_code": "+86", "code": "CN", "flag": "🇨🇳"},
  {"name": "Japan", "dial_code": "+81", "code": "JP", "flag": "🇯🇵"},
  {"name": "South Korea", "dial_code": "+82", "code": "KR", "flag": "🇰🇷"},
  {"name": "Sri Lanka", "dial_code": "+94", "code": "LK", "flag": "🇱🇰"},
  {"name": "Nepal", "dial_code": "+977", "code": "NP", "flag": "🇳🇵"},
  {"name": "Bhutan", "dial_code": "+975", "code": "BT", "flag": "🇧🇹"},
  {"name": "Maldives", "dial_code": "+960", "code": "MV", "flag": "🇲🇻"},
  {"name": "United Arab Emirates", "dial_code": "+971", "code": "AE", "flag": "🇦🇪"},
  {"name": "Qatar", "dial_code": "+974", "code": "QA", "flag": "🇶🇦"},
  {"name": "Saudi Arabia", "dial_code": "+966", "code": "SA", "flag": "🇸🇦"},
  {"name": "Bahrain", "dial_code": "+973", "code": "BH", "flag": "🇧🇭"},
  {"name": "Oman", "dial_code": "+968", "code": "OM", "flag": "🇴🇲"},
  {"name": "Kuwait", "dial_code": "+965", "code": "KW", "flag": "🇰🇼"},
  {"name": "Jordan", "dial_code": "+962", "code": "JO", "flag": "🇯🇴"},
  {"name": "Egypt", "dial_code": "+20", "code": "EG", "flag": "🇪🇬"},
  {"name": "South Africa", "dial_code": "+27", "code": "ZA", "flag": "🇿🇦"},
  {"name": "Nigeria", "dial_code": "+234", "code": "NG", "flag": "🇳🇬"},
  {"name": "Kenya", "dial_code": "+254", "code": "KE", "flag": "🇰🇪"},
  {"name": "Uganda", "dial_code": "+256", "code": "UG", "flag": "🇺🇬"},
  {"name": "Ghana", "dial_code": "+233", "code": "GH", "flag": "🇬🇭"},
  {"name": "Tanzania", "dial_code": "+255", "code": "TZ", "flag": "🇹🇿"},
  {"name": "Rwanda", "dial_code": "+250", "code": "RW", "flag": "🇷🇼"},
  {"name": "Ethiopia", "dial_code": "+251", "code": "ET", "flag": "🇪🇹"},
  {"name": "Morocco", "dial_code": "+212", "code": "MA", "flag": "🇲🇦"},
  {"name": "Algeria", "dial_code": "+213", "code": "DZ", "flag": "🇩🇿"},
  {"name": "Tunisia", "dial_code": "+216", "code": "TN", "flag": "🇹🇳"},
  {"name": "France", "dial_code": "+33", "code": "FR", "flag": "🇫🇷"},
  {"name": "Germany", "dial_code": "+49", "code": "DE", "flag": "🇩🇪"},
  {"name": "Italy", "dial_code": "+39", "code": "IT", "flag": "🇮🇹"},
  {"name": "Spain", "dial_code": "+34", "code": "ES", "flag": "🇪🇸"},
  {"name": "Portugal", "dial_code": "+351", "code": "PT", "flag": "🇵🇹"},
  {"name": "Netherlands", "dial_code": "+31", "code": "NL", "flag": "🇳🇱"},
  {"name": "Belgium", "dial_code": "+32", "code": "BE", "flag": "🇧🇪"},
  {"name": "Sweden", "dial_code": "+46", "code": "SE", "flag": "🇸🇪"},
  {"name": "Norway", "dial_code": "+47", "code": "NO", "flag": "🇳🇴"},
  {"name": "Denmark", "dial_code": "+45", "code": "DK", "flag": "🇩🇰"},
  {"name": "Finland", "dial_code": "+358", "code": "FI", "flag": "🇫🇮"},
  {"name": "Switzerland", "dial_code": "+41", "code": "CH", "flag": "🇨🇭"},
  {"name": "Austria", "dial_code": "+43", "code": "AT", "flag": "🇦🇹"},
  {"name": "Poland", "dial_code": "+48", "code": "PL", "flag": "🇵🇱"},
  {"name": "Czechia", "dial_code": "+420", "code": "CZ", "flag": "🇨🇿"},
  {"name": "Ukraine", "dial_code": "+380", "code": "UA", "flag": "🇺🇦"},
  {"name": "Russia", "dial_code": "+7", "code": "RU", "flag": "🇷🇺"},
  {"name": "Mexico", "dial_code": "+52", "code": "MX", "flag": "🇲🇽"},
  {"name": "Brazil", "dial_code": "+55", "code": "BR", "flag": "🇧🇷"},
  {"name": "Argentina", "dial_code": "+54", "code": "AR", "flag": "🇦🇷"},
  {"name": "Chile", "dial_code": "+56", "code": "CL", "flag": "🇨🇱"},
  {"name": "Colombia", "dial_code": "+57", "code": "CO", "flag": "🇨🇴"},
  {"name": "Peru", "dial_code": "+51", "code": "PE", "flag": "🇵🇪"},
  {"name": "Ecuador", "dial_code": "+593", "code": "EC", "flag": "🇪🇨"},
  {"name": "Uruguay", "dial_code": "+598", "code": "UY", "flag": "🇺🇾"},
  {"name": "Panama", "dial_code": "+507", "code": "PA", "flag": "🇵🇦"}
]
